campaña,plataforma,impresiones,clics,gasto_clp,conversiones
Cyber_Ofertas_Meta_001,Meta Ads,161958,7109,431000,383
Lanzamiento_Coleccion_TikTok_002,TikTok Ads,287892,3552,207000,63
Retargeting_Carro_Google_003,Google Ads,142727,7376,738000,350
Trafico_Catalogo_Meta_004,Meta Ads,104820,5146,596000,131
Instalacion_App_Meta_005,Meta Ads,45311,2254,220000,102
Cyber_Ofertas_YouTube_006,YouTube Ads,338795,3505,314000,122
Brand_Awareness_Meta_007,Meta Ads,189503,5450,415000,206
Lanzamiento_Coleccion_Google_008,Google Ads,114654,7557,1009000,484
Instalacion_App_LinkedIn_009,LinkedIn Ads,65680,1046,788000,24
Trafico_Catalogo_Meta_010,Meta Ads,127313,6170,784000,341
Trafico_Catalogo_Google_011,Google Ads,98148,4568,520000,224
Lanzamiento_Coleccion_YouTube_012,YouTube Ads,128555,2240,107000,135
Instalacion_App_YouTube_013,YouTube Ads,280551,5984,486000,151
Cyber_Ofertas_TikTok_014,TikTok Ads,395139,5047,643000,271
Promo_Flash_Google_015,Google Ads,67065,5347,875000,326
Google_Search_Marca_TikTok_016,TikTok Ads,120397,1557,76000,48
Lanzamiento_Coleccion_Google_017,Google Ads,53247,3853,599000,170
Brand_Awareness_TikTok_018,TikTok Ads,274776,3905,356000,86
Promo_Flash_Meta_019,Meta Ads,91214,2276,105000,82
LeadGen_B2B_Meta_020,Meta Ads,233664,6066,276000,338
Instalacion_App_TikTok_021,TikTok Ads,381648,7888,885000,357
Cyber_Ofertas_TikTok_022,TikTok Ads,214633,3300,181000,191
Trafico_Catalogo_YouTube_023,YouTube Ads,110535,1850,98000,62
Promo_Flash_Meta_024,Meta Ads,117373,3492,374000,163
Trafico_Catalogo_Meta_025,Meta Ads,64538,2377,184000,151
Instalacion_App_TikTok_026,TikTok Ads,238338,5103,473000,273
Instalacion_App_TikTok_027,TikTok Ads,170982,1813,191000,37
Brand_Awareness_Google_028,Google Ads,53419,2157,182000,100
Lanzamiento_Coleccion_Meta_029,Meta Ads,147059,5426,565000,119
Brand_Awareness_TikTok_030,TikTok Ads,282982,4571,499000,120
Brand_Awareness_Google_031,Google Ads,92623,6015,1066000,355
Google_Search_Marca_YouTube_032,YouTube Ads,144044,2079,112000,78
LeadGen_B2B_YouTube_033,YouTube Ads,323307,4137,500000,173
LeadGen_B2B_Google_034,Google Ads,56105,2306,300000,139
Lanzamiento_Coleccion_TikTok_035,TikTok Ads,241152,3236,263000,180
Brand_Awareness_TikTok_036,TikTok Ads,135016,1967,116000,82
Retargeting_Carro_LinkedIn_037,LinkedIn Ads,68565,1333,680000,42
Lanzamiento_Coleccion_LinkedIn_038,LinkedIn Ads,49766,913,511000,39
Performance_Max_Google_039,Google Ads,148451,7894,1705000,498
Google_Search_Marca_YouTube_040,YouTube Ads,394877,8073,852000,180
Lanzamiento_Coleccion_LinkedIn_041,LinkedIn Ads,42728,868,814000,30
Cyber_Ofertas_TikTok_042,TikTok Ads,432228,6559,649000,321
Cyber_Ofertas_Google_043,Google Ads,80859,4640,730000,207
Promo_Flash_TikTok_044,TikTok Ads,263734,5650,368000,290
Brand_Awareness_TikTok_045,TikTok Ads,448452,8737,864000,365
Instalacion_App_Google_046,Google Ads,110623,8287,838000,334
Lanzamiento_Coleccion_TikTok_047,TikTok Ads,131663,1397,133000,68
Promo_Flash_YouTube_048,YouTube Ads,114754,2540,190000,50
Retargeting_Carro_YouTube_049,YouTube Ads,164896,2632,234000,149
Retargeting_Carro_TikTok_050,TikTok Ads,212874,3217,176000,196
Trafico_Catalogo_Google_051,Google Ads,115981,8094,907000,192
Google_Search_Marca_LinkedIn_052,LinkedIn Ads,40199,1049,750000,28
Promo_Flash_LinkedIn_053,LinkedIn Ads,53191,1824,1330000,107
Promo_Flash_LinkedIn_054,LinkedIn Ads,22158,482,301000,24
Lanzamiento_Coleccion_TikTok_055,TikTok Ads,146690,3351,266000,199
Trafico_Catalogo_Google_056,Google Ads,173946,14225,2702000,689
Brand_Awareness_YouTube_057,YouTube Ads,259426,4042,505000,257
Brand_Awareness_Meta_058,Meta Ads,239569,5947,545000,294
Retargeting_Carro_Google_059,Google Ads,80108,3702,665000,99
Instalacion_App_YouTube_060,YouTube Ads,433556,5498,419000,287
Promo_Flash_Meta_061,Meta Ads,126416,3696,337000,149
Instalacion_App_YouTube_062,YouTube Ads,361974,4979,474000,318
Trafico_Catalogo_YouTube_063,YouTube Ads,285362,6671,658000,365
Trafico_Catalogo_TikTok_064,TikTok Ads,396189,7795,794000,453
Brand_Awareness_Meta_065,Meta Ads,133179,5550,382000,89
Google_Search_Marca_LinkedIn_066,LinkedIn Ads,59080,937,888000,36
Brand_Awareness_TikTok_067,TikTok Ads,162989,3866,296000,60
Promo_Flash_TikTok_068,TikTok Ads,345564,5675,722000,358
Performance_Max_Google_069,Google Ads,154019,7658,1026000,440
Google_Search_Marca_Meta_070,Meta Ads,158015,5460,419000,189
Retargeting_Carro_LinkedIn_071,LinkedIn Ads,38093,1101,809000,21
Brand_Awareness_LinkedIn_072,LinkedIn Ads,22455,638,402000,17
Trafico_Catalogo_TikTok_073,TikTok Ads,90729,2101,227000,104
Lanzamiento_Coleccion_LinkedIn_074,LinkedIn Ads,27533,610,364000,33
LeadGen_B2B_Google_075,Google Ads,59592,3907,357000,59
Trafico_Catalogo_Google_076,Google Ads,140627,10535,1801000,527
Cyber_Ofertas_LinkedIn_077,LinkedIn Ads,19495,312,279000,5
LeadGen_B2B_LinkedIn_078,LinkedIn Ads,47097,794,587000,13
Cyber_Ofertas_YouTube_079,YouTube Ads,173848,2142,275000,121
LeadGen_B2B_Meta_080,Meta Ads,227733,6264,303000,188
Lanzamiento_Coleccion_TikTok_081,TikTok Ads,193632,4340,295000,274
Lanzamiento_Coleccion_Meta_082,Meta Ads,127235,5758,354000,204
Brand_Awareness_LinkedIn_083,LinkedIn Ads,30202,838,681000,53
Performance_Max_Meta_084,Meta Ads,57019,2362,115000,82
Trafico_Catalogo_Meta_085,Meta Ads,68251,2888,192000,69
Retargeting_Carro_Google_086,Google Ads,35949,2760,490000,97
Trafico_Catalogo_YouTube_087,YouTube Ads,408761,9699,801000,261
Google_Search_Marca_Google_088,Google Ads,35237,2492,430000,72
Instalacion_App_LinkedIn_089,LinkedIn Ads,18343,464,361000,17
Lanzamiento_Coleccion_YouTube_090,YouTube Ads,332764,5422,358000,177
Lanzamiento_Coleccion_LinkedIn_091,LinkedIn Ads,28284,492,306000,9
Promo_Flash_TikTok_092,TikTok Ads,255150,2707,319000,135
Performance_Max_TikTok_093,TikTok Ads,306507,3143,345000,173
Performance_Max_LinkedIn_094,LinkedIn Ads,41211,760,507000,26
Lanzamiento_Coleccion_Meta_095,Meta Ads,63049,3056,368000,85
Brand_Awareness_Google_096,Google Ads,53289,4352,653000,182
Cyber_Ofertas_TikTok_097,TikTok Ads,96364,1199,61000,56
Trafico_Catalogo_LinkedIn_098,LinkedIn Ads,44168,1428,1097000,78
Instalacion_App_Google_099,Google Ads,41938,2816,406000,119
Cyber_Ofertas_Google_100,Google Ads,133691,7260,1558000,437
Cyber_Ofertas_Meta_101,Meta Ads,191836,4235,227000,67
Brand_Awareness_Google_102,Google Ads,122658,8084,1028000,386
LeadGen_B2B_Meta_103,Meta Ads,128668,5834,274000,325
Trafico_Catalogo_Meta_104,Meta Ads,60358,1421,148000,66
Google_Search_Marca_Google_105,Google Ads,161484,5968,827000,378
Lanzamiento_Coleccion_YouTube_106,YouTube Ads,386569,6321,590000,276
Retargeting_Carro_LinkedIn_107,LinkedIn Ads,32506,755,480000,40
Instalacion_App_LinkedIn_108,LinkedIn Ads,38190,1283,1128000,46
Lanzamiento_Coleccion_YouTube_109,YouTube Ads,151180,3189,208000,108
Promo_Flash_YouTube_110,YouTube Ads,190448,3347,386000,103
Brand_Awareness_Google_111,Google Ads,96234,3849,337000,242
Promo_Flash_Meta_112,Meta Ads,195538,4446,321000,277
Promo_Flash_TikTok_113,TikTok Ads,275967,4757,413000,91
Performance_Max_YouTube_114,YouTube Ads,206020,2966,216000,144
Brand_Awareness_Meta_115,Meta Ads,158324,6926,777000,135
Promo_Flash_Meta_116,Meta Ads,192617,9482,1229000,168
Brand_Awareness_TikTok_117,TikTok Ads,118102,2148,226000,136
Lanzamiento_Coleccion_Google_118,Google Ads,31542,1775,197000,61
Trafico_Catalogo_Google_119,Google Ads,49065,2076,315000,55
Retargeting_Carro_YouTube_120,YouTube Ads,108295,1690,129000,94
Retargeting_Carro_YouTube_121,YouTube Ads,248152,4684,350000,236
Performance_Max_TikTok_122,TikTok Ads,283196,4437,466000,121
Brand_Awareness_Google_123,Google Ads,45485,2712,221000,104
Trafico_Catalogo_YouTube_124,YouTube Ads,203961,4306,475000,241
Cyber_Ofertas_Meta_125,Meta Ads,82918,3514,332000,221
Cyber_Ofertas_LinkedIn_126,LinkedIn Ads,48982,1202,591000,49
Lanzamiento_Coleccion_Meta_127,Meta Ads,154821,6821,874000,291
Promo_Flash_Google_128,Google Ads,158148,5878,1231000,358
Performance_Max_YouTube_129,YouTube Ads,339747,6220,792000,255
Promo_Flash_Google_130,Google Ads,47640,2183,265000,141
Retargeting_Carro_Meta_131,Meta Ads,150133,5634,685000,97
Cyber_Ofertas_YouTube_132,YouTube Ads,421003,10264,512000,356
Google_Search_Marca_YouTube_133,YouTube Ads,366103,7066,485000,172
Google_Search_Marca_YouTube_134,YouTube Ads,403673,6387,412000,180
Trafico_Catalogo_YouTube_135,YouTube Ads,207016,2877,240000,47
Retargeting_Carro_YouTube_136,YouTube Ads,420896,6805,655000,194
Google_Search_Marca_Google_137,Google Ads,57532,4633,904000,289
Cyber_Ofertas_Google_138,Google Ads,79407,5086,1061000,97
Trafico_Catalogo_LinkedIn_139,LinkedIn Ads,38793,1009,537000,35
LeadGen_B2B_Meta_140,Meta Ads,101813,4512,582000,101
Cyber_Ofertas_Meta_141,Meta Ads,102292,4346,341000,245
Performance_Max_LinkedIn_142,LinkedIn Ads,36168,1148,786000,41
Trafico_Catalogo_LinkedIn_143,LinkedIn Ads,15384,234,114000,11
Cyber_Ofertas_Google_144,Google Ads,128142,9289,1931000,411
Brand_Awareness_LinkedIn_145,LinkedIn Ads,18636,631,552000,17
Brand_Awareness_Google_146,Google Ads,151288,6272,1339000,284
Brand_Awareness_LinkedIn_147,LinkedIn Ads,36949,1203,997000,20
Promo_Flash_Google_148,Google Ads,168311,6077,910000,235
Instalacion_App_Meta_149,Meta Ads,89922,3201,376000,136
Instalacion_App_Google_150,Google Ads,136884,5396,1030000,240
Cyber_Ofertas_LinkedIn_151,LinkedIn Ads,34198,532,440000,24
Brand_Awareness_LinkedIn_152,LinkedIn Ads,52441,1630,1470000,74
Instalacion_App_YouTube_153,YouTube Ads,86949,1662,165000,71
Trafico_Catalogo_LinkedIn_154,LinkedIn Ads,25209,553,391000,29
Google_Search_Marca_TikTok_155,TikTok Ads,330875,4787,428000,238
LeadGen_B2B_Google_156,Google Ads,133196,5641,1183000,223
Google_Search_Marca_Google_157,Google Ads,49963,1914,165000,88
Retargeting_Carro_YouTube_158,YouTube Ads,85569,1277,126000,34
Performance_Max_TikTok_159,TikTok Ads,327666,5917,498000,261
Brand_Awareness_TikTok_160,TikTok Ads,217162,2623,261000,63
Performance_Max_Meta_161,Meta Ads,148215,4794,572000,195
Instalacion_App_LinkedIn_162,LinkedIn Ads,64823,1195,653000,20
Brand_Awareness_Meta_163,Meta Ads,151195,4600,219000,195
Lanzamiento_Coleccion_LinkedIn_164,LinkedIn Ads,54144,1197,1074000,25
Google_Search_Marca_LinkedIn_165,LinkedIn Ads,41329,1190,559000,65
LeadGen_B2B_Google_166,Google Ads,166312,11540,1750000,263
Lanzamiento_Coleccion_Meta_167,Meta Ads,158831,3467,238000,191
Google_Search_Marca_TikTok_168,TikTok Ads,392572,9733,882000,595
Performance_Max_Google_169,Google Ads,169789,11191,1473000,426
Google_Search_Marca_LinkedIn_170,LinkedIn Ads,31748,515,270000,11
Trafico_Catalogo_LinkedIn_171,LinkedIn Ads,20122,662,467000,27
Trafico_Catalogo_Meta_172,Meta Ads,158033,5281,477000,143
Brand_Awareness_TikTok_173,TikTok Ads,415832,8757,530000,378
Google_Search_Marca_Google_174,Google Ads,80448,3666,461000,76
Brand_Awareness_Meta_175,Meta Ads,144592,4379,373000,143
Retargeting_Carro_LinkedIn_176,LinkedIn Ads,31616,789,389000,33
Google_Search_Marca_TikTok_177,TikTok Ads,290977,5344,507000,230
Lanzamiento_Coleccion_LinkedIn_178,LinkedIn Ads,30913,639,404000,30
Lanzamiento_Coleccion_TikTok_179,TikTok Ads,155703,2720,199000,167
Trafico_Catalogo_TikTok_180,TikTok Ads,196421,3040,263000,174
Google_Search_Marca_YouTube_181,YouTube Ads,341949,7552,376000,431
Brand_Awareness_Meta_182,Meta Ads,195890,4025,420000,261
Google_Search_Marca_YouTube_183,YouTube Ads,96389,1539,196000,89
Cyber_Ofertas_Meta_184,Meta Ads,171189,4748,283000,229
Retargeting_Carro_TikTok_185,TikTok Ads,314936,6543,592000,254
Retargeting_Carro_TikTok_186,TikTok Ads,430380,9271,565000,289
Trafico_Catalogo_YouTube_187,YouTube Ads,171922,2233,240000,92
Trafico_Catalogo_YouTube_188,YouTube Ads,409728,7850,546000,345
Brand_Awareness_Meta_189,Meta Ads,60618,2907,210000,129
Retargeting_Carro_Meta_190,Meta Ads,163781,4929,278000,89
Cyber_Ofertas_LinkedIn_191,LinkedIn Ads,17219,327,259000,6
Instalacion_App_TikTok_192,TikTok Ads,212414,4295,471000,192
Retargeting_Carro_LinkedIn_193,LinkedIn Ads,29231,792,671000,16
Retargeting_Carro_YouTube_194,YouTube Ads,163524,3672,466000,77
Google_Search_Marca_Meta_195,Meta Ads,179639,8933,558000,303
Cyber_Ofertas_TikTok_196,TikTok Ads,328320,6933,651000,395
Lanzamiento_Coleccion_TikTok_197,TikTok Ads,88007,1973,215000,108
Brand_Awareness_Google_198,Google Ads,116740,5173,585000,241
Trafico_Catalogo_TikTok_199,TikTok Ads,205501,3161,378000,109
Instalacion_App_YouTube_200,YouTube Ads,385447,6467,683000,387
Lanzamiento_Coleccion_Google_201,Google Ads,103340,5174,955000,207
Retargeting_Carro_Google_202,Google Ads,97728,7816,1045000,329
Cyber_Ofertas_YouTube_203,YouTube Ads,172263,3335,183000,206
LeadGen_B2B_Google_204,Google Ads,126646,9058,1604000,211
Lanzamiento_Coleccion_YouTube_205,YouTube Ads,413468,7207,779000,314
Retargeting_Carro_TikTok_206,TikTok Ads,131356,1612,115000,44
Promo_Flash_Meta_207,Meta Ads,42336,889,83000,47
Performance_Max_Meta_208,Meta Ads,214944,4962,450000,168
Lanzamiento_Coleccion_Google_209,Google Ads,158876,6573,891000,360
LeadGen_B2B_YouTube_210,YouTube Ads,144772,2503,200000,134
Lanzamiento_Coleccion_TikTok_211,TikTok Ads,227550,4318,402000,219
Cyber_Ofertas_Google_212,Google Ads,160330,8382,884000,506
Promo_Flash_Google_213,Google Ads,106325,4930,687000,144
Google_Search_Marca_TikTok_214,TikTok Ads,432618,5321,505000,214
Google_Search_Marca_Meta_215,Meta Ads,57368,1587,169000,70
Trafico_Catalogo_TikTok_216,TikTok Ads,250987,4637,483000,283
Trafico_Catalogo_YouTube_217,YouTube Ads,446407,8825,976000,297
Cyber_Ofertas_TikTok_218,TikTok Ads,397320,6500,699000,401
Google_Search_Marca_Meta_219,Meta Ads,174869,8274,459000,221
Instalacion_App_Google_220,Google Ads,162717,7210,1422000,227
Cyber_Ofertas_TikTok_221,TikTok Ads,264245,4698,448000,164
Instalacion_App_Meta_222,Meta Ads,96264,4074,255000,221
LeadGen_B2B_YouTube_223,YouTube Ads,440089,6602,521000,276
Promo_Flash_TikTok_224,TikTok Ads,319690,7622,645000,297
Trafico_Catalogo_LinkedIn_225,LinkedIn Ads,51368,1373,640000,83
Promo_Flash_Meta_226,Meta Ads,107526,2684,129000,82
Lanzamiento_Coleccion_LinkedIn_227,LinkedIn Ads,52148,1387,1063000,21
Cyber_Ofertas_TikTok_228,TikTok Ads,446036,7907,1011000,300
Cyber_Ofertas_YouTube_229,YouTube Ads,313619,5086,266000,329
Trafico_Catalogo_LinkedIn_230,LinkedIn Ads,35806,963,466000,50
LeadGen_B2B_Google_231,Google Ads,54442,4082,526000,156
Brand_Awareness_YouTube_232,YouTube Ads,297516,4660,541000,206
Instalacion_App_TikTok_233,TikTok Ads,144077,2983,268000,124
Brand_Awareness_TikTok_234,TikTok Ads,118000,1889,175000,42
Trafico_Catalogo_TikTok_235,TikTok Ads,266240,3997,206000,210
Promo_Flash_TikTok_236,TikTok Ads,445321,6261,624000,221
Promo_Flash_TikTok_237,TikTok Ads,293046,3616,383000,173
Trafico_Catalogo_TikTok_238,TikTok Ads,287606,3971,245000,159
Lanzamiento_Coleccion_Google_239,Google Ads,104055,4183,803000,100
Promo_Flash_YouTube_240,YouTube Ads,235232,4316,459000,238
Instalacion_App_Google_241,Google Ads,117127,8329,1664000,470
Google_Search_Marca_LinkedIn_242,LinkedIn Ads,68699,2328,1212000,82
Trafico_Catalogo_YouTube_243,YouTube Ads,146358,3431,158000,66
Google_Search_Marca_Meta_244,Meta Ads,42198,1917,106000,112
Lanzamiento_Coleccion_TikTok_245,TikTok Ads,242491,4985,610000,230
Instalacion_App_YouTube_246,YouTube Ads,296586,4119,318000,183
LeadGen_B2B_LinkedIn_247,LinkedIn Ads,68643,2170,1351000,116
Performance_Max_YouTube_248,YouTube Ads,218155,2899,371000,156
Lanzamiento_Coleccion_YouTube_249,YouTube Ads,336713,6224,801000,239
Performance_Max_LinkedIn_250,LinkedIn Ads,52599,1236,570000,35
Brand_Awareness_Google_251,Google Ads,65367,4571,623000,118
Trafico_Catalogo_TikTok_252,TikTok Ads,228757,5152,663000,212
LeadGen_B2B_LinkedIn_253,LinkedIn Ads,26372,760,602000,42
Lanzamiento_Coleccion_Meta_254,Meta Ads,101268,4501,393000,82
Lanzamiento_Coleccion_TikTok_255,TikTok Ads,308504,5387,572000,109
Retargeting_Carro_Google_256,Google Ads,46725,1955,403000,114
Cyber_Ofertas_Meta_257,Meta Ads,44263,1218,120000,48
Performance_Max_Google_258,Google Ads,172736,9662,1291000,395
Brand_Awareness_LinkedIn_259,LinkedIn Ads,35609,652,534000,12
Promo_Flash_YouTube_260,YouTube Ads,91555,1974,100000,112
Lanzamiento_Coleccion_LinkedIn_261,LinkedIn Ads,39063,1301,1055000,59
Performance_Max_YouTube_262,YouTube Ads,264374,5275,657000,272
Lanzamiento_Coleccion_YouTube_263,YouTube Ads,139129,1456,98000,65
Cyber_Ofertas_Google_264,Google Ads,176922,13679,2924000,310
Promo_Flash_Meta_265,Meta Ads,218376,9417,509000,176
Retargeting_Carro_Google_266,Google Ads,84912,5075,895000,186
Performance_Max_LinkedIn_267,LinkedIn Ads,28350,468,229000,7
Trafico_Catalogo_Meta_268,Meta Ads,246258,6935,660000,229
Brand_Awareness_Google_269,Google Ads,155995,11757,2524000,640
Retargeting_Carro_YouTube_270,YouTube Ads,116408,1942,118000,81
Trafico_Catalogo_YouTube_271,YouTube Ads,170327,3640,361000,192
Instalacion_App_LinkedIn_272,LinkedIn Ads,69756,2012,1760000,55
Performance_Max_TikTok_273,TikTok Ads,273624,5390,560000,94
Trafico_Catalogo_LinkedIn_274,LinkedIn Ads,61617,972,780000,59
Trafico_Catalogo_YouTube_275,YouTube Ads,223254,4093,349000,125
Retargeting_Carro_YouTube_276,YouTube Ads,248270,5079,357000,310
Performance_Max_YouTube_277,YouTube Ads,121786,2942,251000,170
Lanzamiento_Coleccion_TikTok_278,TikTok Ads,367654,6186,553000,292
Trafico_Catalogo_TikTok_279,TikTok Ads,169613,3213,207000,67
Lanzamiento_Coleccion_YouTube_280,YouTube Ads,290017,6750,608000,250
Performance_Max_TikTok_281,TikTok Ads,365654,4015,288000,168
Google_Search_Marca_Meta_282,Meta Ads,94620,3770,406000,154
Google_Search_Marca_Google_283,Google Ads,109273,8614,1193000,328
LeadGen_B2B_TikTok_284,TikTok Ads,205341,2054,125000,70
Brand_Awareness_LinkedIn_285,LinkedIn Ads,28919,895,849000,29
Retargeting_Carro_Google_286,Google Ads,91916,3389,499000,149
Promo_Flash_Google_287,Google Ads,113691,9573,1795000,343
Lanzamiento_Coleccion_Google_288,Google Ads,164502,10055,1835000,152
Promo_Flash_Meta_289,Meta Ads,149996,4595,319000,137
LeadGen_B2B_YouTube_290,YouTube Ads,268847,2760,356000,100
Performance_Max_LinkedIn_291,LinkedIn Ads,30152,688,352000,43
Cyber_Ofertas_YouTube_292,YouTube Ads,147364,3211,169000,115
Promo_Flash_Google_293,Google Ads,154343,12225,2006000,735
Instalacion_App_YouTube_294,YouTube Ads,291169,3641,471000,96
Instalacion_App_Meta_295,Meta Ads,228051,10293,665000,581
Performance_Max_YouTube_296,YouTube Ads,419273,4487,348000,75
LeadGen_B2B_Meta_297,Meta Ads,226626,10149,1148000,471
Promo_Flash_TikTok_298,TikTok Ads,146262,3401,421000,220
Trafico_Catalogo_YouTube_299,YouTube Ads,368316,5120,455000,202
Instalacion_App_LinkedIn_300,LinkedIn Ads,62319,2053,1400000,94
Performance_Max_Google_301,Google Ads,63660,3937,642000,173
Google_Search_Marca_Google_302,Google Ads,178746,14098,1652000,302
Performance_Max_YouTube_303,YouTube Ads,407304,4344,510000,72
Promo_Flash_Meta_304,Meta Ads,86542,3432,315000,66
Promo_Flash_TikTok_305,TikTok Ads,105559,1455,66000,72
Performance_Max_Google_306,Google Ads,100831,6029,551000,156
Instalacion_App_Google_307,Google Ads,164092,13082,2862000,236
Cyber_Ofertas_LinkedIn_308,LinkedIn Ads,24516,603,450000,33
Instalacion_App_YouTube_309,YouTube Ads,212663,4238,387000,246
Cyber_Ofertas_LinkedIn_310,LinkedIn Ads,49080,1598,1356000,76
Promo_Flash_Meta_311,Meta Ads,236154,5859,430000,157
Performance_Max_Google_312,Google Ads,141785,5712,1016000,139
Cyber_Ofertas_Google_313,Google Ads,78874,6551,951000,386
Promo_Flash_TikTok_314,TikTok Ads,158249,1888,139000,98
Lanzamiento_Coleccion_TikTok_315,TikTok Ads,172241,3835,444000,154
LeadGen_B2B_YouTube_316,YouTube Ads,244134,3148,164000,98
Promo_Flash_TikTok_317,TikTok Ads,208232,4055,272000,189
Promo_Flash_TikTok_318,TikTok Ads,373719,8326,466000,242
Brand_Awareness_TikTok_319,TikTok Ads,109257,1800,210000,62
Cyber_Ofertas_YouTube_320,YouTube Ads,311758,7476,402000,462
Cyber_Ofertas_LinkedIn_321,LinkedIn Ads,33271,1012,935000,23
Lanzamiento_Coleccion_TikTok_322,TikTok Ads,406032,7606,566000,350
Cyber_Ofertas_Meta_323,Meta Ads,154682,7049,910000,344
Lanzamiento_Coleccion_Meta_324,Meta Ads,192267,8169,458000,432
Cyber_Ofertas_Google_325,Google Ads,87372,3154,395000,124
Retargeting_Carro_LinkedIn_326,LinkedIn Ads,42570,853,384000,19
Retargeting_Carro_Google_327,Google Ads,174097,14773,2063000,555
Brand_Awareness_YouTube_328,YouTube Ads,293030,5246,604000,156
Lanzamiento_Coleccion_LinkedIn_329,LinkedIn Ads,65975,1098,868000,52
Google_Search_Marca_YouTube_330,YouTube Ads,364186,8383,1064000,138
Retargeting_Carro_TikTok_331,TikTok Ads,375900,9079,732000,426
Instalacion_App_LinkedIn_332,LinkedIn Ads,63901,1929,1295000,59
Retargeting_Carro_Meta_333,Meta Ads,52857,2474,160000,63
Brand_Awareness_TikTok_334,TikTok Ads,106431,2450,259000,105
Cyber_Ofertas_LinkedIn_335,LinkedIn Ads,38019,930,869000,22
Instalacion_App_TikTok_336,TikTok Ads,285390,4796,432000,76
Promo_Flash_YouTube_337,YouTube Ads,272860,3265,156000,199
Brand_Awareness_Google_338,Google Ads,82098,3634,526000,54
Lanzamiento_Coleccion_LinkedIn_339,LinkedIn Ads,26536,720,413000,30
Google_Search_Marca_Meta_340,Meta Ads,105455,3664,185000,161
Brand_Awareness_LinkedIn_341,LinkedIn Ads,64268,1722,1148000,110
Cyber_Ofertas_LinkedIn_342,LinkedIn Ads,51935,1261,996000,43
Trafico_Catalogo_TikTok_343,TikTok Ads,273118,5688,574000,300
LeadGen_B2B_YouTube_344,YouTube Ads,131195,2846,138000,111
Trafico_Catalogo_Meta_345,Meta Ads,86167,2100,113000,91
Cyber_Ofertas_TikTok_346,TikTok Ads,325198,5685,555000,284
Performance_Max_YouTube_347,YouTube Ads,416585,9013,1127000,167
Promo_Flash_Meta_348,Meta Ads,46368,1049,78000,17
Performance_Max_TikTok_349,TikTok Ads,136985,2185,123000,94
Promo_Flash_Google_350,Google Ads,80861,5632,1098000,96
Trafico_Catalogo_Google_351,Google Ads,92768,7660,746000,458
Instalacion_App_TikTok_352,TikTok Ads,295048,7093,351000,298
Performance_Max_LinkedIn_353,LinkedIn Ads,40291,1306,1054000,71
Promo_Flash_YouTube_354,YouTube Ads,403694,8971,465000,535
Google_Search_Marca_LinkedIn_355,LinkedIn Ads,15899,428,360000,16
Lanzamiento_Coleccion_TikTok_356,TikTok Ads,232360,2895,238000,148
Google_Search_Marca_Meta_357,Meta Ads,112715,3089,181000,180
Lanzamiento_Coleccion_YouTube_358,YouTube Ads,242962,5986,441000,144
Instalacion_App_YouTube_359,YouTube Ads,190198,3139,153000,72
Promo_Flash_LinkedIn_360,LinkedIn Ads,25181,739,417000,47
Cyber_Ofertas_TikTok_361,TikTok Ads,345064,6003,312000,211
LeadGen_B2B_YouTube_362,YouTube Ads,315612,5136,320000,292
Performance_Max_Google_363,Google Ads,142340,10157,1869000,368
LeadGen_B2B_Google_364,Google Ads,55963,4106,619000,173
LeadGen_B2B_TikTok_365,TikTok Ads,422962,7900,650000,404
Instalacion_App_TikTok_366,TikTok Ads,123585,2343,263000,111
Trafico_Catalogo_TikTok_367,TikTok Ads,371570,7017,860000,179
Trafico_Catalogo_Meta_368,Meta Ads,219436,7455,865000,199
Brand_Awareness_Google_369,Google Ads,49975,2761,454000,128
Promo_Flash_Google_370,Google Ads,118397,7178,989000,132
Trafico_Catalogo_YouTube_371,YouTube Ads,215720,2957,352000,110
Performance_Max_Google_372,Google Ads,65046,3444,561000,79
Performance_Max_YouTube_373,YouTube Ads,141272,3466,232000,165
Brand_Awareness_Meta_374,Meta Ads,184832,7985,448000,506
Lanzamiento_Coleccion_TikTok_375,TikTok Ads,312750,4228,508000,156
Lanzamiento_Coleccion_YouTube_376,YouTube Ads,418511,7448,549000,420
Instalacion_App_TikTok_377,TikTok Ads,325011,6116,768000,168
Performance_Max_TikTok_378,TikTok Ads,151635,2379,230000,78
Trafico_Catalogo_LinkedIn_379,LinkedIn Ads,30563,748,652000,41
Promo_Flash_TikTok_380,TikTok Ads,196891,4521,418000,189
LeadGen_B2B_LinkedIn_381,LinkedIn Ads,49707,1013,485000,42
Performance_Max_TikTok_382,TikTok Ads,433299,4668,464000,122
Google_Search_Marca_TikTok_383,TikTok Ads,418404,10045,722000,405
Lanzamiento_Coleccion_TikTok_384,TikTok Ads,376141,7644,602000,298
Lanzamiento_Coleccion_Meta_385,Meta Ads,236733,11494,1142000,671
Brand_Awareness_TikTok_386,TikTok Ads,200030,2763,247000,88
Retargeting_Carro_LinkedIn_387,LinkedIn Ads,28605,508,236000,15
Lanzamiento_Coleccion_Google_388,Google Ads,158335,12982,2371000,300
Google_Search_Marca_YouTube_389,YouTube Ads,203008,4255,248000,113
Trafico_Catalogo_LinkedIn_390,LinkedIn Ads,60141,1209,944000,77
Google_Search_Marca_LinkedIn_391,LinkedIn Ads,37473,575,329000,32
Lanzamiento_Coleccion_Meta_392,Meta Ads,236910,8793,418000,541
Lanzamiento_Coleccion_TikTok_393,TikTok Ads,396205,9421,905000,584
Retargeting_Carro_TikTok_394,TikTok Ads,323341,5143,516000,104
Cyber_Ofertas_TikTok_395,TikTok Ads,116059,1437,139000,44
Retargeting_Carro_LinkedIn_396,LinkedIn Ads,22848,796,658000,15
Cyber_Ofertas_TikTok_397,TikTok Ads,277096,3224,323000,171
Trafico_Catalogo_Meta_398,Meta Ads,107203,4291,488000,227
Retargeting_Carro_TikTok_399,TikTok Ads,441448,6514,774000,220
Brand_Awareness_YouTube_400,YouTube Ads,318389,6283,458000,292
Instalacion_App_Meta_401,Meta Ads,166969,5323,554000,183
Performance_Max_TikTok_402,TikTok Ads,446040,8451,772000,314
Performance_Max_YouTube_403,YouTube Ads,159973,1775,171000,85
Retargeting_Carro_TikTok_404,TikTok Ads,367681,6233,482000,362
Google_Search_Marca_Meta_405,Meta Ads,206703,9387,1152000,522
Brand_Awareness_YouTube_406,YouTube Ads,215832,3389,267000,149
Promo_Flash_Meta_407,Meta Ads,182635,6264,492000,266
Brand_Awareness_YouTube_408,YouTube Ads,292781,6081,768000,96
Cyber_Ofertas_LinkedIn_409,LinkedIn Ads,48174,1137,1021000,21
Retargeting_Carro_Google_410,Google Ads,69310,3269,686000,58
Google_Search_Marca_LinkedIn_411,LinkedIn Ads,28076,690,378000,16
Lanzamiento_Coleccion_Meta_412,Meta Ads,221187,6127,424000,186
Trafico_Catalogo_Meta_413,Meta Ads,243502,8758,827000,170
Instalacion_App_YouTube_414,YouTube Ads,92289,1300,104000,27
Instalacion_App_LinkedIn_415,LinkedIn Ads,67682,1182,1040000,64
Trafico_Catalogo_Google_416,Google Ads,93646,6597,626000,286
Performance_Max_YouTube_417,YouTube Ads,199735,4882,420000,269
Google_Search_Marca_YouTube_418,YouTube Ads,318976,4976,447000,102
Promo_Flash_LinkedIn_419,LinkedIn Ads,37668,1018,875000,60
Instalacion_App_TikTok_420,TikTok Ads,305160,6684,668000,158
Cyber_Ofertas_LinkedIn_421,LinkedIn Ads,53520,1701,1531000,55
Brand_Awareness_LinkedIn_422,LinkedIn Ads,50993,1025,616000,52
Lanzamiento_Coleccion_Google_423,Google Ads,168299,11540,2231000,615
Brand_Awareness_TikTok_424,TikTok Ads,276553,4639,440000,108
Lanzamiento_Coleccion_Google_425,Google Ads,47633,2793,433000,66
Trafico_Catalogo_Google_426,Google Ads,98388,6601,1089000,279
Retargeting_Carro_Meta_427,Meta Ads,97993,2715,268000,48
Promo_Flash_Meta_428,Meta Ads,57727,1390,145000,48
Instalacion_App_YouTube_429,YouTube Ads,374054,7805,362000,250
Google_Search_Marca_YouTube_430,YouTube Ads,380611,7941,748000,227
Lanzamiento_Coleccion_Meta_431,Meta Ads,94253,2634,263000,117
Google_Search_Marca_TikTok_432,TikTok Ads,358600,5325,342000,174
Brand_Awareness_YouTube_433,YouTube Ads,196492,3494,177000,192
Google_Search_Marca_Google_434,Google Ads,66378,4447,525000,198
Lanzamiento_Coleccion_LinkedIn_435,LinkedIn Ads,23258,596,365000,18
Brand_Awareness_YouTube_436,YouTube Ads,309189,3334,257000,110
Lanzamiento_Coleccion_LinkedIn_437,LinkedIn Ads,68026,2014,1375000,36
Google_Search_Marca_Google_438,Google Ads,125673,10415,1089000,515
Brand_Awareness_Google_439,Google Ads,55592,2419,332000,87
Retargeting_Carro_Meta_440,Meta Ads,164982,7042,525000,339
Instalacion_App_TikTok_441,TikTok Ads,250963,4297,333000,90
Google_Search_Marca_LinkedIn_442,LinkedIn Ads,63231,973,796000,51
Brand_Awareness_YouTube_443,YouTube Ads,98752,2234,199000,103
Google_Search_Marca_YouTube_444,YouTube Ads,136273,2973,352000,135
Google_Search_Marca_YouTube_445,YouTube Ads,90699,1970,207000,33
Trafico_Catalogo_LinkedIn_446,LinkedIn Ads,68728,1343,834000,45
Performance_Max_YouTube_447,YouTube Ads,115585,2780,256000,84
Instalacion_App_Meta_448,Meta Ads,78067,2216,277000,130
Promo_Flash_Meta_449,Meta Ads,130373,6203,541000,400
Instalacion_App_TikTok_450,TikTok Ads,301427,3957,491000,82
Cyber_Ofertas_TikTok_451,TikTok Ads,367313,7132,730000,296
Lanzamiento_Coleccion_Meta_452,Meta Ads,244237,10789,1210000,326
Instalacion_App_LinkedIn_453,LinkedIn Ads,23264,499,230000,11
Google_Search_Marca_Meta_454,Meta Ads,223202,6781,867000,319
Cyber_Ofertas_LinkedIn_455,LinkedIn Ads,20656,547,377000,16
Performance_Max_Google_456,Google Ads,35901,1506,310000,85
Performance_Max_LinkedIn_457,LinkedIn Ads,63563,1592,1034000,35
Retargeting_Carro_TikTok_458,TikTok Ads,328289,3618,171000,78
Promo_Flash_LinkedIn_459,LinkedIn Ads,61659,1023,858000,21
Brand_Awareness_YouTube_460,YouTube Ads,305371,4482,395000,165
LeadGen_B2B_YouTube_461,YouTube Ads,397243,9045,407000,143
LeadGen_B2B_YouTube_462,YouTube Ads,140545,2776,161000,50
Brand_Awareness_TikTok_463,TikTok Ads,122913,2076,104000,134
LeadGen_B2B_Google_464,Google Ads,149863,7473,1048000,175
Performance_Max_YouTube_465,YouTube Ads,272660,3223,228000,64
Promo_Flash_TikTok_466,TikTok Ads,177359,3613,352000,168
Cyber_Ofertas_LinkedIn_467,LinkedIn Ads,69823,2184,1655000,66
Brand_Awareness_YouTube_468,YouTube Ads,440867,7893,641000,169
Google_Search_Marca_TikTok_469,TikTok Ads,112371,1806,182000,59
Brand_Awareness_TikTok_470,TikTok Ads,368859,6353,381000,218
Trafico_Catalogo_YouTube_471,YouTube Ads,411396,4182,336000,163
Trafico_Catalogo_Meta_472,Meta Ads,156981,6861,648000,336
Promo_Flash_YouTube_473,YouTube Ads,216614,4177,303000,236
Lanzamiento_Coleccion_Meta_474,Meta Ads,153132,7545,854000,475
LeadGen_B2B_LinkedIn_475,LinkedIn Ads,15163,340,198000,16
Performance_Max_LinkedIn_476,LinkedIn Ads,37420,1193,595000,47
Cyber_Ofertas_YouTube_477,YouTube Ads,184131,4229,278000,201
Google_Search_Marca_Google_478,Google Ads,102930,5537,749000,210
Retargeting_Carro_LinkedIn_479,LinkedIn Ads,58404,1031,517000,49
Performance_Max_TikTok_480,TikTok Ads,432680,8792,723000,243
Brand_Awareness_YouTube_481,YouTube Ads,300169,7190,478000,388
Instalacion_App_Meta_482,Meta Ads,167734,6672,808000,312
Retargeting_Carro_Google_483,Google Ads,37099,2134,434000,43
Trafico_Catalogo_TikTok_484,TikTok Ads,143936,2396,118000,40
Trafico_Catalogo_Meta_485,Meta Ads,103530,4117,466000,83
Brand_Awareness_YouTube_486,YouTube Ads,287888,7009,755000,228
Brand_Awareness_Google_487,Google Ads,145053,12268,2649000,762
Brand_Awareness_YouTube_488,YouTube Ads,205426,2624,157000,52
Performance_Max_Google_489,Google Ads,134797,10315,924000,373
Trafico_Catalogo_TikTok_490,TikTok Ads,158815,2814,342000,152
Promo_Flash_TikTok_491,TikTok Ads,334311,6475,502000,163
Performance_Max_YouTube_492,YouTube Ads,288432,3989,268000,73
Performance_Max_Google_493,Google Ads,153257,9028,1854000,280
Retargeting_Carro_LinkedIn_494,LinkedIn Ads,35131,732,688000,33
Lanzamiento_Coleccion_YouTube_495,YouTube Ads,188212,4480,400000,205
Trafico_Catalogo_LinkedIn_496,LinkedIn Ads,44921,788,488000,48
Brand_Awareness_Google_497,Google Ads,56806,2258,299000,95
Promo_Flash_TikTok_498,TikTok Ads,185432,2309,158000,141
Trafico_Catalogo_TikTok_499,TikTok Ads,419115,5432,654000,256
Cyber_Ofertas_TikTok_500,TikTok Ads,157794,3167,228000,186
Google_Search_Marca_TikTok_501,TikTok Ads,117643,2798,186000,147
Instalacion_App_LinkedIn_502,LinkedIn Ads,30997,986,803000,53
Retargeting_Carro_YouTube_503,YouTube Ads,225643,2438,176000,128
Trafico_Catalogo_YouTube_504,YouTube Ads,269784,6491,316000,150
LeadGen_B2B_YouTube_505,YouTube Ads,144028,2920,154000,184
Trafico_Catalogo_TikTok_506,TikTok Ads,257558,5823,625000,245
Promo_Flash_LinkedIn_507,LinkedIn Ads,16724,499,377000,10
LeadGen_B2B_YouTube_508,YouTube Ads,424086,8623,1028000,403
Lanzamiento_Coleccion_Google_509,Google Ads,86447,4900,502000,210
Promo_Flash_LinkedIn_510,LinkedIn Ads,37656,1123,1000000,32
Promo_Flash_Google_511,Google Ads,51727,4085,703000,124
LeadGen_B2B_Meta_512,Meta Ads,205268,8619,839000,210
Promo_Flash_YouTube_513,YouTube Ads,242728,3793,344000,156
Retargeting_Carro_YouTube_514,YouTube Ads,188777,4042,194000,211
Cyber_Ofertas_YouTube_515,YouTube Ads,225016,5483,418000,171
Trafico_Catalogo_Google_516,Google Ads,130082,10029,1463000,402
LeadGen_B2B_LinkedIn_517,LinkedIn Ads,32081,717,483000,36
Performance_Max_Meta_518,Meta Ads,153175,4061,230000,195
Trafico_Catalogo_Meta_519,Meta Ads,249717,10205,462000,469
Cyber_Ofertas_YouTube_520,YouTube Ads,184195,2342,183000,82
Promo_Flash_Google_521,Google Ads,98099,5935,1076000,119
Brand_Awareness_Google_522,Google Ads,125286,8788,768000,345
Google_Search_Marca_YouTube_523,YouTube Ads,96029,2119,144000,119
Instalacion_App_TikTok_524,TikTok Ads,148926,1661,83000,52
Brand_Awareness_YouTube_525,YouTube Ads,232889,4801,538000,196
Trafico_Catalogo_TikTok_526,TikTok Ads,137775,2149,119000,111
LeadGen_B2B_YouTube_527,YouTube Ads,156256,1770,113000,79
Trafico_Catalogo_YouTube_528,YouTube Ads,369530,7944,853000,238
Instalacion_App_Meta_529,Meta Ads,117984,3850,381000,208
Lanzamiento_Coleccion_Meta_530,Meta Ads,201326,9098,706000,396
Lanzamiento_Coleccion_TikTok_531,TikTok Ads,83471,1088,101000,69
Promo_Flash_Meta_532,Meta Ads,86850,1805,85000,102
Brand_Awareness_Meta_533,Meta Ads,206597,7342,517000,455
Retargeting_Carro_YouTube_534,YouTube Ads,163369,3723,239000,126
Cyber_Ofertas_TikTok_535,TikTok Ads,350143,4478,507000,169
LeadGen_B2B_Meta_536,Meta Ads,148899,3574,185000,183
Google_Search_Marca_Meta_537,Meta Ads,45105,2132,237000,32
LeadGen_B2B_TikTok_538,TikTok Ads,205736,2547,247000,55
Retargeting_Carro_YouTube_539,YouTube Ads,218782,5215,444000,81
Trafico_Catalogo_Google_540,Google Ads,162503,6151,735000,172
Instalacion_App_YouTube_541,YouTube Ads,211234,2985,334000,190
Retargeting_Carro_Google_542,Google Ads,170905,13200,1552000,301
Brand_Awareness_Google_543,Google Ads,35347,1296,115000,78
Promo_Flash_LinkedIn_544,LinkedIn Ads,53328,1168,710000,62
Lanzamiento_Coleccion_LinkedIn_545,LinkedIn Ads,46358,914,746000,38
Instalacion_App_YouTube_546,YouTube Ads,331351,6097,760000,107
Lanzamiento_Coleccion_Google_547,Google Ads,163611,12170,2037000,483
Google_Search_Marca_YouTube_548,YouTube Ads,331924,4596,462000,114
Google_Search_Marca_YouTube_549,YouTube Ads,177239,2671,190000,166
Performance_Max_Meta_550,Meta Ads,82891,2526,138000,56
Trafico_Catalogo_TikTok_551,TikTok Ads,171006,2353,276000,101
Brand_Awareness_Google_552,Google Ads,92032,7733,865000,272
LeadGen_B2B_YouTube_553,YouTube Ads,360618,3972,418000,167
Google_Search_Marca_LinkedIn_554,LinkedIn Ads,65669,1586,1098000,36
Google_Search_Marca_YouTube_555,YouTube Ads,163457,3263,207000,64
Google_Search_Marca_YouTube_556,YouTube Ads,288015,4659,467000,196
Promo_Flash_Google_557,Google Ads,104071,7737,740000,253
Brand_Awareness_YouTube_558,YouTube Ads,228066,2458,275000,61
Promo_Flash_Google_559,Google Ads,93878,7379,1153000,390
LeadGen_B2B_LinkedIn_560,LinkedIn Ads,28171,715,395000,42
Google_Search_Marca_LinkedIn_561,LinkedIn Ads,33133,604,349000,37
Cyber_Ofertas_TikTok_562,TikTok Ads,86823,2151,238000,35
Google_Search_Marca_YouTube_563,YouTube Ads,161816,1846,137000,53
Instalacion_App_Meta_564,Meta Ads,221801,7748,418000,370
Instalacion_App_Meta_565,Meta Ads,128664,4107,217000,152
Google_Search_Marca_YouTube_566,YouTube Ads,306058,3996,358000,117
Instalacion_App_Google_567,Google Ads,63243,4608,547000,141
Lanzamiento_Coleccion_TikTok_568,TikTok Ads,251918,5977,540000,136
Instalacion_App_Google_569,Google Ads,115445,8619,1072000,498
Retargeting_Carro_TikTok_570,TikTok Ads,145794,3420,203000,138
Cyber_Ofertas_Meta_571,Meta Ads,165147,4303,261000,256
Performance_Max_TikTok_572,TikTok Ads,359215,4411,364000,201
Instalacion_App_Meta_573,Meta Ads,164661,7526,414000,391
Retargeting_Carro_TikTok_574,TikTok Ads,447631,11112,958000,234
Google_Search_Marca_Meta_575,Meta Ads,155357,6065,358000,358
Promo_Flash_TikTok_576,TikTok Ads,106170,1320,61000,56
Lanzamiento_Coleccion_Google_577,Google Ads,56819,4032,825000,76
Trafico_Catalogo_Google_578,Google Ads,62994,2795,559000,156
Trafico_Catalogo_TikTok_579,TikTok Ads,175665,2048,224000,131
Google_Search_Marca_LinkedIn_580,LinkedIn Ads,36953,1161,789000,38
Google_Search_Marca_Google_581,Google Ads,76305,5796,1178000,239
Google_Search_Marca_YouTube_582,YouTube Ads,411759,8515,981000,170
Brand_Awareness_TikTok_583,TikTok Ads,105556,1720,210000,89
Brand_Awareness_YouTube_584,YouTube Ads,282041,5417,444000,237
Lanzamiento_Coleccion_Google_585,Google Ads,167488,12908,1884000,825
Trafico_Catalogo_YouTube_586,YouTube Ads,269139,5675,307000,174
Brand_Awareness_TikTok_587,TikTok Ads,221559,2447,146000,141
Cyber_Ofertas_YouTube_588,YouTube Ads,108795,2706,138000,51
Trafico_Catalogo_TikTok_589,TikTok Ads,286402,5846,518000,176
Performance_Max_Meta_590,Meta Ads,142932,3000,213000,142
Google_Search_Marca_TikTok_591,TikTok Ads,390925,9207,596000,509
Promo_Flash_LinkedIn_592,LinkedIn Ads,65939,1866,1083000,112
Brand_Awareness_TikTok_593,TikTok Ads,415098,4152,247000,143
Performance_Max_Google_594,Google Ads,163669,7583,1012000,162
Instalacion_App_Meta_595,Meta Ads,217810,10738,584000,387
LeadGen_B2B_LinkedIn_596,LinkedIn Ads,23472,549,255000,34
Lanzamiento_Coleccion_LinkedIn_597,LinkedIn Ads,68909,2216,1321000,134
Performance_Max_Meta_598,Meta Ads,192850,8513,396000,537
Promo_Flash_TikTok_599,TikTok Ads,353146,6859,619000,320
Retargeting_Carro_Meta_600,Meta Ads,96307,2251,236000,94
Cyber_Ofertas_Meta_601,Meta Ads,202727,5655,277000,245
Performance_Max_TikTok_602,TikTok Ads,144307,2095,201000,62
Brand_Awareness_Meta_603,Meta Ads,132493,5603,275000,336
Trafico_Catalogo_Google_604,Google Ads,158775,12521,1581000,400
Promo_Flash_Google_605,Google Ads,93095,4120,375000,111
LeadGen_B2B_YouTube_606,YouTube Ads,177136,2529,206000,71
Promo_Flash_LinkedIn_607,LinkedIn Ads,44165,1418,1008000,25
Retargeting_Carro_LinkedIn_608,LinkedIn Ads,59900,1616,820000,31
Brand_Awareness_YouTube_609,YouTube Ads,427580,4485,533000,81
Instalacion_App_YouTube_610,YouTube Ads,139871,2598,231000,94
Google_Search_Marca_YouTube_611,YouTube Ads,303563,7182,607000,157
LeadGen_B2B_Meta_612,Meta Ads,66649,1662,99000,103
Performance_Max_Google_613,Google Ads,126019,9380,1590000,457
Lanzamiento_Coleccion_YouTube_614,YouTube Ads,310147,4890,423000,232
Brand_Awareness_TikTok_615,TikTok Ads,442455,8410,910000,339
Trafico_Catalogo_TikTok_616,TikTok Ads,384214,6187,747000,93
Cyber_Ofertas_TikTok_617,TikTok Ads,428939,8176,999000,220
Google_Search_Marca_YouTube_618,YouTube Ads,240105,5900,432000,230
Brand_Awareness_Google_619,Google Ads,103869,6807,812000,172
Brand_Awareness_YouTube_620,YouTube Ads,166716,1680,77000,43
Instalacion_App_Google_621,Google Ads,126038,9469,1516000,384
Cyber_Ofertas_Meta_622,Meta Ads,176554,3766,258000,210
Lanzamiento_Coleccion_TikTok_623,TikTok Ads,150448,2897,158000,93
Instalacion_App_Google_624,Google Ads,144598,9216,776000,449
Brand_Awareness_Google_625,Google Ads,111554,6417,1348000,149
Lanzamiento_Coleccion_LinkedIn_626,LinkedIn Ads,59199,1387,909000,83
Lanzamiento_Coleccion_LinkedIn_627,LinkedIn Ads,57092,1550,937000,87
LeadGen_B2B_Google_628,Google Ads,164393,11683,2346000,176
Instalacion_App_Google_629,Google Ads,96262,3564,720000,99
Google_Search_Marca_Meta_630,Meta Ads,78211,2464,206000,82
Retargeting_Carro_Google_631,Google Ads,64542,3610,668000,66
Google_Search_Marca_LinkedIn_632,LinkedIn Ads,59409,1272,1049000,45
Brand_Awareness_Google_633,Google Ads,116120,7817,1597000,351
Retargeting_Carro_Meta_634,Meta Ads,114637,4480,549000,204
LeadGen_B2B_Meta_635,Meta Ads,217691,5476,543000,285
Instalacion_App_Google_636,Google Ads,129932,4979,771000,110
Cyber_Ofertas_TikTok_637,TikTok Ads,329768,5385,377000,211
Google_Search_Marca_Google_638,Google Ads,97534,3626,353000,155
Retargeting_Carro_Meta_639,Meta Ads,159006,5405,618000,99
Trafico_Catalogo_YouTube_640,YouTube Ads,352660,7189,586000,349
Brand_Awareness_Meta_641,Meta Ads,207860,9530,907000,250
Performance_Max_YouTube_642,YouTube Ads,442271,9878,1165000,600
Trafico_Catalogo_TikTok_643,TikTok Ads,410814,4717,569000,73
