id_transaccion,fecha,ciudad,categoria,unidades,precio_unitario_clp,descuento_promo_clp,canal_venta
TRX-8055,2026-07-11,VALPARAISO,Tecnología,2,59990,5000.0,App Móvil
TRX-8040,2026-07-19,VALPARAISO,Moda,1,240000,25000.0,Tienda Física
TRX-8019,2026-08-29,CONCEPCION,Muebles y Hogar,5,59990,5000.0,E-Commerce
TRX-8031,2026-07-29,SANTIAGO,Tecnología,2,29990,5000.0,Tienda Física
TRX-8098,2026-07-21,concepcion,Tecnología,5,480000,10000.0,E-Commerce
TRX-8056,2026-08-30, valparaiso ,Muebles y Hogar,3,59990,,Tienda Física
TRX-8069,2026-07-12,Valparaíso,Electrodomésticos,5,480000,25000.0,App Móvil
TRX-8104,2026-09-16,Santiago,Electrodomésticos,1,59990,,App Móvil
TRX-8081,2026-09-10,Valparaíso,Muebles y Hogar,3,480000,,Tienda Física
TRX-8026,2026-07-01,concepcion,Electrodomésticos,2,240000,,Tienda Física
TRX-8094,2026-07-22,VALPARAISO,Moda,5,120000,,E-Commerce
TRX-8027,2026-09-12,Valparaíso,Tecnología,4,29990,10000.0,Tienda Física
TRX-8064,2026-07-10,SANTIAGO,Tecnología,3,15000,,App Móvil
TRX-8004,2026-09-14,VALPARAISO,Muebles y Hogar,4,59990,,E-Commerce
TRX-8096,2026-07-24,Valparaíso,Muebles y Hogar,5,240000,25000.0,E-Commerce
TRX-8113,2026-07-25,concepcion,Tecnología,1,15000,,App Móvil
TRX-8036,2026-08-26,Santiago,Tecnología,1,59990,,App Móvil
TRX-8080,2026-07-07,concepcion,Tecnología,5,240000,10000.0,E-Commerce
,,,,,,,
,2026-09-02,  santiago  ,Muebles y Hogar,4,240000,5000.0,Tienda Física
TRX-8084,2026-08-05,CONCEPCION,Moda,3,240000,10000.0,App Móvil
TRX-8018,2026-07-30,concepcion,Electrodomésticos,1,120000,10000.0,E-Commerce
TRX-8010,2026-08-10,VALPARAISO,Tecnología,5,480000,5000.0,E-Commerce
TRX-8118,2026-08-17,  santiago  ,Muebles y Hogar,3,120000,,Tienda Física
TRX-8011,2026-08-30,VALPARAISO,Moda,3,480000,,App Móvil
TRX-8105,2026-07-04, valparaiso ,Moda,1,29990,5000.0,E-Commerce
TRX-8045,2026-07-13,CONCEPCION,Electrodomésticos,5,120000,10000.0,E-Commerce
TRX-8070,2026-07-11,Santiago,Tecnología,2,29990,10000.0,E-Commerce
TRX-8078,2026-09-08,Concepción,Electrodomésticos,3,29990,,E-Commerce
TRX-8047,2026-09-14,  santiago  ,Electrodomésticos,5,15000,,App Móvil
TRX-8000,2026-07-12,Valparaíso,Electrodomésticos,2,59990,25000.0,Tienda Física
TRX-8012,2026-09-03,Santiago,Electrodomésticos,1,240000,,E-Commerce
TRX-8042,2026-07-16,VALPARAISO,Electrodomésticos,5,120000,25000.0,Tienda Física
TRX-8013,2026-07-06, valparaiso ,Electrodomésticos,3,15000,10000.0,Tienda Física
TRX-8024,2026-07-11,CONCEPCION,Moda,2,59990,5000.0,Tienda Física
TRX-8067,2026-07-19, valparaiso ,Tecnología,3,59990,,Tienda Física
TRX-8111,2026-08-17,concepcion,Tecnología,4,29990,,Tienda Física
TRX-8089,2026-08-16,Santiago,Tecnología,3,15000,,E-Commerce
TRX-8015,2026-08-10,CONCEPCION,Tecnología,1,480000,10000.0,E-Commerce
TRX-8077,2026-08-30,concepcion,Electrodomésticos,4,29990,,Tienda Física
TRX-8022,2026-09-11,CONCEPCION,Tecnología,4,120000,10000.0,E-Commerce
TRX-8044,2026-07-01,concepcion,Tecnología,3,120000,10000.0,Tienda Física
TRX-8065,2026-08-15,Santiago,Muebles y Hogar,3,29990,,E-Commerce
TRX-8095,2026-09-20,Valparaíso,Electrodomésticos,3,240000,,App Móvil
TRX-8030,2026-08-06,concepcion,Electrodomésticos,3,120000,25000.0,App Móvil
TRX-8062,2026-08-17,Santiago,Tecnología,5,15000,,E-Commerce
TRX-8062,2026-08-17,Santiago,Tecnología,5,15000,,E-Commerce
TRX-8009,2026-09-02,VALPARAISO,Electrodomésticos,2,59990,,Tienda Física
TRX-8033,2026-07-08,Santiago,Muebles y Hogar,5,480000,,Tienda Física
TRX-8066,2026-07-03,Valparaíso,Muebles y Hogar,1,120000,,App Móvil
TRX-8025,2026-09-15,CONCEPCION,Muebles y Hogar,2,59990,10000.0,Tienda Física
TRX-8115,2026-09-03,Valparaíso,Tecnología,2,480000,10000.0,E-Commerce
TRX-8028,2026-07-09,Santiago,Electrodomésticos,2,240000,10000.0,Tienda Física
TRX-8097,2026-09-10,Santiago,Electrodomésticos,3,120000,10000.0,App Móvil
TRX-8091,2026-08-16, valparaiso ,Tecnología,3,480000,,Tienda Física
TRX-8053,2026-08-05,CONCEPCION,Muebles y Hogar,3,29990,5000.0,Tienda Física
TRX-8005,2026-07-10,concepcion,Electrodomésticos,2,59990,25000.0,E-Commerce
TRX-8068,2026-08-28, valparaiso ,Moda,2,29990,,App Móvil
TRX-8073,2026-07-04, valparaiso ,Electrodomésticos,5,29990,,E-Commerce
TRX-8039,2026-08-22,concepcion,Electrodomésticos,5,120000,25000.0,Tienda Física
,2026-07-25,Concepción,Electrodomésticos,4,480000,5000.0,App Móvil
TRX-8035,2026-08-22,Santiago,Electrodomésticos,4,240000,,E-Commerce
TRX-8016,2026-08-19,VALPARAISO,Moda,1,240000,,E-Commerce
TRX-8019,2026-08-29,CONCEPCION,Muebles y Hogar,5,59990,5000.0,E-Commerce
TRX-8034,2026-07-11,  santiago  ,Tecnología,2,480000,25000.0,App Móvil
TRX-8085,2026-09-18,VALPARAISO,Tecnología,4,120000,,Tienda Física
TRX-8007,2026-08-10, valparaiso ,Tecnología,5,240000,,E-Commerce
TRX-8043,2026-08-14,SANTIAGO,Muebles y Hogar,3,59990,,App Móvil
,2026-09-08,Concepción,Moda,1,480000,10000.0,E-Commerce
TRX-8112,2026-08-19,concepcion,Muebles y Hogar,3,15000,,Tienda Física
TRX-8108,2026-08-19,CONCEPCION,Electrodomésticos,1,120000,,App Móvil
TRX-8008,2026-07-05,SANTIAGO,Tecnología,4,59990,10000.0,E-Commerce
TRX-8013,2026-07-06, valparaiso ,Electrodomésticos,3,15000,10000.0,Tienda Física
TRX-8093,2026-07-22,CONCEPCION,Tecnología,4,480000,,E-Commerce
TRX-8003,2026-09-02,Concepción,Muebles y Hogar,4,480000,,E-Commerce
TRX-8017,2026-07-09,  santiago  ,Moda,2,29990,,Tienda Física
TRX-8038,2026-09-12,concepcion,Electrodomésticos,5,480000,,Tienda Física
TRX-8072,2026-07-29,Valparaíso,Moda,1,240000,10000.0,E-Commerce
TRX-8100,2026-09-14,Valparaíso,Muebles y Hogar,2,59990,10000.0,E-Commerce
TRX-8006,2026-09-16,VALPARAISO,Tecnología,1,240000,,Tienda Física
TRX-8083,2026-07-24,Valparaíso,Tecnología,2,480000,,E-Commerce
TRX-8110,2026-07-14,Valparaíso,Tecnología,1,120000,,Tienda Física
TRX-8119,2026-07-30,CONCEPCION,Moda,3,29990,10000.0,E-Commerce
TRX-8054,2026-07-31,CONCEPCION,Muebles y Hogar,3,15000,,App Móvil
TRX-8050,2026-08-06,CONCEPCION,Moda,1,59990,,E-Commerce
TRX-8117,2026-08-30,CONCEPCION,Tecnología,1,240000,10000.0,Tienda Física
TRX-8046,2026-07-18,Concepción,Moda,2,240000,,E-Commerce
TRX-8079,2026-08-21,CONCEPCION,Electrodomésticos,2,240000,,Tienda Física
TRX-8061,2026-08-16,Valparaíso,Muebles y Hogar,4,240000,,App Móvil
TRX-8002,2026-09-09,SANTIAGO,Electrodomésticos,4,240000,25000.0,E-Commerce
TRX-8079,2026-08-21,CONCEPCION,Electrodomésticos,2,240000,,Tienda Física
,2026-07-06,Concepción,Moda,3,29990,10000.0,Tienda Física
TRX-8041,2026-09-10,  santiago  ,Electrodomésticos,5,59990,,Tienda Física
TRX-8058,2026-07-28,SANTIAGO,Electrodomésticos,4,120000,,E-Commerce
TRX-8090,2026-07-04,CONCEPCION,Moda,5,29990,10000.0,E-Commerce
TRX-8048,2026-09-18,  santiago  ,Muebles y Hogar,3,240000,10000.0,E-Commerce
TRX-8088,2026-09-16, valparaiso ,Muebles y Hogar,1,240000,10000.0,Tienda Física
TRX-8109,2026-08-22,concepcion,Tecnología,1,120000,,App Móvil
TRX-8057,2026-07-21,Concepción,Electrodomésticos,3,120000,,Tienda Física
TRX-8075,2026-07-15, valparaiso ,Moda,5,480000,25000.0,E-Commerce
TRX-8032,2026-09-02,SANTIAGO,Muebles y Hogar,3,59990,,E-Commerce
TRX-8058,2026-07-28,SANTIAGO,Electrodomésticos,4,120000,,E-Commerce
TRX-8059,2026-07-09,Santiago,Electrodomésticos,5,240000,10000.0,E-Commerce
TRX-8063,2026-08-24,concepcion,Moda,2,29990,10000.0,Tienda Física
TRX-8107,2026-07-15,SANTIAGO,Tecnología,2,59990,,E-Commerce
TRX-8037,2026-08-08,Concepción,Tecnología,5,29990,25000.0,App Móvil
TRX-8029,2026-09-01,Concepción,Tecnología,5,59990,,E-Commerce
,2026-07-21,SANTIAGO,Moda,5,59990,5000.0,App Móvil
TRX-8001,2026-09-20,Concepción,Tecnología,3,15000,5000.0,App Móvil
TRX-8052,2026-07-20,concepcion,Tecnología,4,240000,10000.0,App Móvil
TRX-8021,2026-08-14,  santiago  ,Muebles y Hogar,1,15000,5000.0,Tienda Física
TRX-8002,2026-09-09,SANTIAGO,Electrodomésticos,4,240000,25000.0,E-Commerce
TRX-8023,2026-07-20,Santiago,Electrodomésticos,1,29990,,App Móvil
TRX-8103,2026-09-02,VALPARAISO,Electrodomésticos,4,240000,5000.0,App Móvil
TRX-8099,2026-07-28,Valparaíso,Muebles y Hogar,4,15000,5000.0,E-Commerce
TRX-8087,2026-08-27,Santiago,Tecnología,1,59990,,E-Commerce
TRX-8116,2026-08-22,Santiago,Electrodomésticos,3,120000,,E-Commerce
TRX-8074,2026-08-17,CONCEPCION,Electrodomésticos,1,15000,,App Móvil
TRX-8086,2026-09-06,SANTIAGO,Tecnología,1,29990,10000.0,App Móvil
TRX-8082,2026-09-07,SANTIAGO,Tecnología,5,15000,,Tienda Física
TRX-8102,2026-08-19,SANTIAGO,Electrodomésticos,1,120000,5000.0,Tienda Física
TRX-8020,2026-08-04,VALPARAISO,Electrodomésticos,4,120000,10000.0,Tienda Física
TRX-8060,2026-07-27,concepcion,Moda,3,120000,,E-Commerce
TRX-8071,2026-08-05,SANTIAGO,Electrodomésticos,1,15000,,App Móvil
TRX-8106,2026-08-26,  santiago  ,Tecnología,3,480000,,Tienda Física
TRX-8014,2026-07-13,SANTIAGO,Muebles y Hogar,4,29990,10000.0,E-Commerce
,2026-07-30,Santiago,Tecnología,1,240000,5000.0,Tienda Física
,2026-09-02,  santiago  ,Muebles y Hogar,4,240000,5000.0,Tienda Física
TRX-8102,2026-08-19,SANTIAGO,Electrodomésticos,1,120000,5000.0,Tienda Física
