orden_id,fecha,ciudad,canal_venta,categoria,unidades,monto_total_clp,metodo_pago
ORD-2001,2026-04-28,Temuco,App Móvil,Tecnología,1,202700,Tarjeta Crédito
ORD-2002,2026-04-11,Temuco,Sitio Web,Deportes,2,130800,Transferencia
ORD-2003,2026-04-22,La Serena,App Móvil,Tecnología,2,835400,Tarjeta Débito
ORD-2004,2026-05-05,Santiago,Marketplace,Deportes,1,25400,Tarjeta Crédito
ORD-2005,2026-05-06,Valparaíso,Sitio Web,Decohogar,3,180300,Efectivo
ORD-2006,2026-04-21,Temuco,Sitio Web,Deportes,2,159400,Efectivo
ORD-2007,2026-04-12,Antofagasta,Marketplace,Decohogar,5,45500,Tarjeta Débito
ORD-2008,2026-04-23,Santiago,Tienda Física,Moda,3,123600,Transferencia
ORD-2009,2026-04-21,Concepción,Sitio Web,Moda,1,84900,Efectivo
ORD-2010,2026-05-12,La Serena,Marketplace,Línea Blanca,1,260700,Tarjeta Débito
ORD-2011,2026-04-04,La Serena,Sitio Web,Tecnología,2,138800,Tarjeta Débito
ORD-2012,2026-04-20,Concepción,Tienda Física,Decohogar,1,12800,Tarjeta Débito
ORD-2013,2026-05-20,Santiago,Sitio Web,Deportes,1,108100,Transferencia
ORD-2014,2026-05-15,Valparaíso,Tienda Física,Línea Blanca,1,333100,Transferencia
ORD-2015,2026-04-30,La Serena,Marketplace,Decohogar,1,55500,Efectivo
ORD-2016,2026-04-06,Antofagasta,Sitio Web,Línea Blanca,1,318100,Efectivo
ORD-2017,2026-05-29,Concepción,Tienda Física,Decohogar,2,73400,Tarjeta Crédito
ORD-2018,2026-05-04,La Serena,Sitio Web,Moda,3,221700,Transferencia
ORD-2019,2026-05-18,Santiago,Tienda Física,Moda,1,64100,Tarjeta Débito
ORD-2020,2026-05-25,Antofagasta,Tienda Física,Línea Blanca,1,96100,Tarjeta Crédito
ORD-2021,2026-04-30,Temuco,Sitio Web,Deportes,1,119000,Tarjeta Débito
ORD-2022,2026-05-29,La Serena,Tienda Física,Tecnología,1,315400,Tarjeta Débito
ORD-2023,2026-04-03,Concepción,App Móvil,Decohogar,4,203600,Efectivo
ORD-2024,2026-05-19,La Serena,Sitio Web,Deportes,4,387200,Efectivo
ORD-2025,2026-05-19,Temuco,Sitio Web,Línea Blanca,1,503000,Tarjeta Crédito
ORD-2026,2026-05-03,La Serena,App Móvil,Moda,1,71800,Efectivo
ORD-2027,2026-05-31,Santiago,App Móvil,Tecnología,1,380400,Efectivo
ORD-2028,2026-04-24,La Serena,App Móvil,Deportes,3,305400,Transferencia
ORD-2029,2026-04-15,Temuco,Tienda Física,Decohogar,1,35400,Transferencia
ORD-2030,2026-04-05,Temuco,Marketplace,Tecnología,1,452700,Tarjeta Débito
ORD-2031,2026-04-09,La Serena,App Móvil,Línea Blanca,1,138500,Efectivo
ORD-2032,2026-04-09,Antofagasta,Tienda Física,Decohogar,1,69700,Tarjeta Crédito
ORD-2033,2026-05-02,Antofagasta,Sitio Web,Tecnología,1,359200,Tarjeta Crédito
ORD-2034,2026-04-14,Concepción,Tienda Física,Moda,1,62900,Efectivo
ORD-2035,2026-05-30,Antofagasta,Marketplace,Tecnología,1,224300,Tarjeta Crédito
ORD-2036,2026-05-19,Concepción,Marketplace,Tecnología,2,548400,Efectivo
ORD-2037,2026-05-01,La Serena,Tienda Física,Tecnología,2,367000,Tarjeta Crédito
ORD-2038,2026-05-03,La Serena,Marketplace,Línea Blanca,2,1277000,Efectivo
ORD-2039,2026-05-25,La Serena,Sitio Web,Decohogar,1,55000,Transferencia
ORD-2040,2026-04-25,Antofagasta,Tienda Física,Línea Blanca,2,500000,Transferencia
ORD-2041,2026-05-27,Antofagasta,App Móvil,Tecnología,1,157000,Tarjeta Crédito
ORD-2042,2026-05-29,Temuco,Sitio Web,Moda,2,107400,Tarjeta Crédito
ORD-2043,2026-04-21,Valparaíso,App Móvil,Tecnología,4,202400,Efectivo
ORD-2044,2026-04-24,Antofagasta,Sitio Web,Decohogar,3,142800,Efectivo
ORD-2045,2026-04-06,Valparaíso,Sitio Web,Moda,3,114600,Efectivo
ORD-2046,2026-05-14,La Serena,Tienda Física,Deportes,1,42400,Tarjeta Crédito
ORD-2047,2026-04-06,Antofagasta,Marketplace,Moda,2,97600,Efectivo
ORD-2048,2026-05-02,La Serena,App Móvil,Línea Blanca,2,1060800,Efectivo
ORD-2049,2026-05-12,Santiago,Sitio Web,Línea Blanca,1,539000,Tarjeta Crédito
ORD-2050,2026-04-20,Temuco,Marketplace,Tecnología,1,380800,Tarjeta Crédito
ORD-2051,2026-04-20,Valparaíso,Tienda Física,Tecnología,2,811200,Tarjeta Débito
ORD-2052,2026-05-12,Santiago,Marketplace,Línea Blanca,5,983000,Transferencia
ORD-2053,2026-04-04,Concepción,Tienda Física,Moda,1,86600,Transferencia
ORD-2054,2026-05-21,Concepción,Marketplace,Tecnología,2,514400,Tarjeta Crédito
ORD-2055,2026-04-26,Santiago,Marketplace,Deportes,1,90400,Tarjeta Crédito
ORD-2056,2026-04-12,La Serena,Sitio Web,Moda,2,137600,Efectivo
ORD-2057,2026-04-19,Concepción,Marketplace,Línea Blanca,4,772400,Tarjeta Débito
ORD-2058,2026-05-22,La Serena,App Móvil,Línea Blanca,2,173800,Tarjeta Débito
ORD-2059,2026-05-11,La Serena,Tienda Física,Tecnología,2,952200,Tarjeta Crédito
ORD-2060,2026-05-04,Temuco,Sitio Web,Tecnología,1,443800,Efectivo
ORD-2061,2026-05-04,Santiago,App Móvil,Deportes,1,74400,Tarjeta Débito
ORD-2062,2026-04-15,Antofagasta,Tienda Física,Moda,2,76800,Efectivo
ORD-2063,2026-05-16,Concepción,App Móvil,Moda,1,32600,Efectivo
ORD-2064,2026-04-30,Concepción,Sitio Web,Moda,2,151600,Tarjeta Débito
ORD-2065,2026-05-24,Santiago,Marketplace,Deportes,2,85400,Tarjeta Crédito
ORD-2066,2026-05-21,Santiago,App Móvil,Moda,2,93600,Tarjeta Crédito
ORD-2067,2026-05-07,La Serena,Sitio Web,Decohogar,1,67700,Tarjeta Crédito
ORD-2068,2026-04-12,Antofagasta,Sitio Web,Decohogar,2,97600,Efectivo
ORD-2069,2026-04-20,Santiago,App Móvil,Línea Blanca,1,354600,Transferencia
ORD-2070,2026-04-05,La Serena,Marketplace,Deportes,3,234000,Tarjeta Crédito
ORD-2071,2026-05-15,Concepción,Sitio Web,Tecnología,1,56900,Transferencia
ORD-2072,2026-05-25,Concepción,Sitio Web,Tecnología,1,104000,Efectivo
ORD-2073,2026-05-12,Concepción,Sitio Web,Decohogar,2,97800,Efectivo
ORD-2074,2026-04-29,La Serena,App Móvil,Línea Blanca,1,531100,Efectivo
ORD-2075,2026-04-08,Temuco,Sitio Web,Decohogar,3,45600,Transferencia
ORD-2076,2026-05-29,Temuco,Marketplace,Deportes,1,49700,Transferencia
ORD-2077,2026-05-20,Santiago,Marketplace,Deportes,2,52200,Efectivo
ORD-2078,2026-05-12,Antofagasta,Tienda Física,Deportes,1,112400,Transferencia
ORD-2079,2026-04-23,Antofagasta,Marketplace,Moda,1,83500,Tarjeta Débito
ORD-2080,2026-05-06,Valparaíso,Sitio Web,Tecnología,5,281000,Tarjeta Crédito
ORD-2081,2026-05-08,Concepción,Tienda Física,Moda,1,53500,Efectivo
ORD-2082,2026-04-10,Concepción,Tienda Física,Moda,1,39700,Tarjeta Débito
ORD-2083,2026-05-29,Antofagasta,Tienda Física,Línea Blanca,2,625200,Tarjeta Débito
ORD-2084,2026-05-28,Santiago,Sitio Web,Línea Blanca,1,542300,Tarjeta Débito
ORD-2085,2026-05-18,Concepción,Tienda Física,Tecnología,2,481200,Tarjeta Débito
ORD-2086,2026-04-15,La Serena,Tienda Física,Decohogar,2,85400,Transferencia
ORD-2087,2026-05-11,La Serena,Sitio Web,Deportes,1,74000,Tarjeta Débito
ORD-2088,2026-05-06,Concepción,Tienda Física,Tecnología,1,104400,Tarjeta Débito
ORD-2089,2026-04-13,Temuco,Tienda Física,Tecnología,3,657600,Tarjeta Crédito
ORD-2090,2026-05-08,Santiago,Sitio Web,Deportes,1,96400,Tarjeta Débito
ORD-2091,2026-04-02,Antofagasta,Sitio Web,Tecnología,1,137000,Tarjeta Crédito
ORD-2092,2026-05-10,La Serena,Tienda Física,Moda,1,37100,Efectivo
ORD-2093,2026-05-07,Temuco,App Móvil,Decohogar,1,27300,Efectivo
ORD-2094,2026-05-13,Temuco,Tienda Física,Decohogar,4,116800,Tarjeta Crédito
ORD-2095,2026-04-24,Santiago,Sitio Web,Línea Blanca,1,208700,Efectivo
ORD-2096,2026-04-21,Concepción,Tienda Física,Tecnología,3,531900,Efectivo
ORD-2097,2026-05-28,Antofagasta,Sitio Web,Decohogar,1,59200,Tarjeta Crédito
ORD-2098,2026-04-29,Temuco,Sitio Web,Tecnología,4,1070800,Tarjeta Débito
ORD-2099,2026-05-07,La Serena,Tienda Física,Deportes,1,37100,Efectivo
ORD-2100,2026-04-24,Antofagasta,Marketplace,Deportes,1,68600,Efectivo
ORD-2101,2026-05-27,La Serena,Marketplace,Línea Blanca,3,1916100,Tarjeta Crédito
ORD-2102,2026-04-09,Antofagasta,App Móvil,Línea Blanca,4,2384400,Tarjeta Crédito
ORD-2103,2026-04-09,La Serena,App Móvil,Decohogar,1,43900,Transferencia
ORD-2104,2026-04-08,Valparaíso,Tienda Física,Decohogar,1,10100,Transferencia
ORD-2105,2026-04-01,Antofagasta,App Móvil,Moda,1,45300,Tarjeta Débito
ORD-2106,2026-04-23,Santiago,Sitio Web,Línea Blanca,2,404200,Transferencia
ORD-2107,2026-04-15,Concepción,App Móvil,Tecnología,2,723200,Tarjeta Débito
ORD-2108,2026-05-20,Antofagasta,Tienda Física,Línea Blanca,2,367800,Tarjeta Crédito
ORD-2109,2026-05-10,Santiago,Sitio Web,Decohogar,2,65200,Transferencia
ORD-2110,2026-05-20,Concepción,Marketplace,Línea Blanca,3,486300,Efectivo
ORD-2111,2026-05-18,Concepción,Tienda Física,Línea Blanca,2,1096800,Efectivo
ORD-2112,2026-05-09,Santiago,Marketplace,Tecnología,1,204900,Tarjeta Débito
ORD-2113,2026-04-24,Concepción,Sitio Web,Tecnología,2,249400,Tarjeta Débito
ORD-2114,2026-04-05,Santiago,Marketplace,Moda,1,84800,Tarjeta Crédito
ORD-2115,2026-05-13,Temuco,Sitio Web,Decohogar,1,26900,Tarjeta Débito
ORD-2116,2026-04-21,Temuco,Tienda Física,Decohogar,1,11800,Tarjeta Débito
ORD-2117,2026-05-21,Antofagasta,Tienda Física,Decohogar,4,130800,Tarjeta Crédito
ORD-2118,2026-04-11,Antofagasta,App Móvil,Deportes,2,100200,Efectivo
ORD-2119,2026-05-27,Temuco,App Móvil,Moda,1,53600,Tarjeta Débito
ORD-2120,2026-05-24,Santiago,Sitio Web,Decohogar,1,68800,Transferencia
ORD-2121,2026-04-06,Concepción,Sitio Web,Deportes,1,36800,Tarjeta Débito
ORD-2122,2026-05-11,Concepción,Marketplace,Decohogar,2,102800,Tarjeta Débito
ORD-2123,2026-04-15,Temuco,Sitio Web,Tecnología,3,1209000,Tarjeta Crédito
ORD-2124,2026-04-17,La Serena,App Móvil,Decohogar,1,22300,Tarjeta Débito
ORD-2125,2026-05-22,Valparaíso,Tienda Física,Decohogar,1,49000,Efectivo
ORD-2126,2026-05-12,Antofagasta,Sitio Web,Deportes,2,121400,Efectivo
ORD-2127,2026-04-23,La Serena,App Móvil,Línea Blanca,1,99100,Efectivo
ORD-2128,2026-04-06,La Serena,Tienda Física,Decohogar,1,72300,Efectivo
ORD-2129,2026-04-25,La Serena,App Móvil,Moda,2,86800,Tarjeta Crédito
ORD-2130,2026-04-29,Antofagasta,App Móvil,Línea Blanca,4,2459600,Efectivo
ORD-2131,2026-05-15,Santiago,Marketplace,Línea Blanca,2,266800,Efectivo
ORD-2132,2026-04-16,Temuco,Marketplace,Deportes,1,119600,Transferencia
ORD-2133,2026-05-25,Antofagasta,Sitio Web,Moda,4,256800,Tarjeta Crédito
ORD-2134,2026-04-15,Santiago,Sitio Web,Decohogar,1,71400,Tarjeta Crédito
ORD-2135,2026-04-14,Concepción,Marketplace,Deportes,1,63200,Tarjeta Crédito
ORD-2136,2026-04-07,Antofagasta,App Móvil,Moda,1,87000,Transferencia
ORD-2137,2026-05-01,Antofagasta,App Móvil,Tecnología,2,777400,Tarjeta Débito
ORD-2138,2026-04-25,La Serena,Marketplace,Línea Blanca,2,1201200,Efectivo
ORD-2139,2026-05-28,Concepción,Sitio Web,Línea Blanca,4,1220000,Transferencia
ORD-2140,2026-04-13,La Serena,App Móvil,Decohogar,1,32100,Transferencia
ORD-2141,2026-04-05,Antofagasta,Tienda Física,Línea Blanca,2,575600,Transferencia
ORD-2142,2026-05-27,Valparaíso,Tienda Física,Línea Blanca,2,1221600,Tarjeta Débito
ORD-2143,2026-04-27,Valparaíso,Tienda Física,Deportes,2,214600,Tarjeta Crédito
ORD-2144,2026-05-07,Antofagasta,Sitio Web,Línea Blanca,2,438600,Transferencia
ORD-2145,2026-04-14,La Serena,Marketplace,Decohogar,3,137100,Transferencia
ORD-2146,2026-04-26,Santiago,Sitio Web,Deportes,1,74700,Transferencia
ORD-2147,2026-04-29,Concepción,Sitio Web,Decohogar,2,118400,Efectivo
ORD-2148,2026-05-12,Concepción,App Móvil,Deportes,1,27500,Tarjeta Débito
ORD-2149,2026-04-14,Santiago,Sitio Web,Línea Blanca,2,552800,Efectivo
ORD-2150,2026-04-29,La Serena,Tienda Física,Decohogar,2,22600,Transferencia
ORD-2151,2026-04-07,Santiago,Sitio Web,Decohogar,1,50900,Tarjeta Débito
ORD-2152,2026-05-13,Concepción,Marketplace,Decohogar,1,38600,Tarjeta Crédito
ORD-2153,2026-04-04,Valparaíso,Tienda Física,Línea Blanca,1,535900,Efectivo
ORD-2154,2026-04-08,Concepción,App Móvil,Tecnología,1,336500,Tarjeta Débito
ORD-2155,2026-05-19,Antofagasta,App Móvil,Tecnología,2,638000,Tarjeta Débito
ORD-2156,2026-04-24,Concepción,Tienda Física,Deportes,1,111100,Tarjeta Débito
ORD-2157,2026-04-16,La Serena,Marketplace,Deportes,1,45000,Efectivo
ORD-2158,2026-05-13,Concepción,App Móvil,Decohogar,2,108800,Tarjeta Débito
ORD-2159,2026-04-27,Valparaíso,Sitio Web,Decohogar,3,165000,Tarjeta Crédito
ORD-2160,2026-04-15,Antofagasta,Tienda Física,Moda,1,33300,Tarjeta Débito
ORD-2161,2026-04-18,Valparaíso,Marketplace,Decohogar,1,22100,Transferencia
ORD-2162,2026-05-07,Valparaíso,Marketplace,Decohogar,3,35400,Tarjeta Débito
ORD-2163,2026-04-05,Temuco,App Móvil,Decohogar,1,35700,Tarjeta Débito
ORD-2164,2026-04-13,Antofagasta,App Móvil,Deportes,1,107400,Efectivo
ORD-2165,2026-05-02,Valparaíso,Tienda Física,Tecnología,1,293800,Transferencia
ORD-2166,2026-05-22,Antofagasta,Marketplace,Moda,1,39800,Tarjeta Débito
ORD-2167,2026-05-19,Antofagasta,Marketplace,Decohogar,2,99200,Efectivo
ORD-2168,2026-05-29,Santiago,App Móvil,Línea Blanca,5,885500,Tarjeta Crédito
ORD-2169,2026-05-10,Santiago,App Móvil,Decohogar,1,17400,Transferencia
ORD-2170,2026-04-23,La Serena,Tienda Física,Línea Blanca,1,363800,Efectivo
ORD-2171,2026-04-20,La Serena,Tienda Física,Deportes,1,18800,Tarjeta Débito
ORD-2172,2026-05-24,La Serena,Tienda Física,Moda,2,79800,Transferencia
ORD-2173,2026-05-12,La Serena,App Móvil,Decohogar,1,53600,Tarjeta Crédito
ORD-2174,2026-05-07,Valparaíso,App Móvil,Línea Blanca,1,646200,Transferencia
ORD-2175,2026-05-26,Temuco,App Móvil,Deportes,1,80900,Tarjeta Crédito
ORD-2176,2026-04-14,Santiago,App Móvil,Tecnología,1,326700,Tarjeta Débito
ORD-2177,2026-05-23,Concepción,Sitio Web,Moda,1,70000,Tarjeta Crédito
ORD-2178,2026-05-11,Concepción,Sitio Web,Decohogar,1,67500,Efectivo
ORD-2179,2026-05-29,Valparaíso,App Móvil,Línea Blanca,1,82600,Tarjeta Crédito
ORD-2180,2026-04-04,Santiago,Marketplace,Deportes,2,95800,Tarjeta Crédito
ORD-2181,2026-05-14,La Serena,Sitio Web,Línea Blanca,2,1050400,Transferencia
ORD-2182,2026-04-20,Santiago,Marketplace,Moda,2,70000,Tarjeta Crédito
ORD-2183,2026-05-31,La Serena,Tienda Física,Línea Blanca,1,416300,Tarjeta Crédito
ORD-2184,2026-04-05,La Serena,Sitio Web,Tecnología,1,264400,Tarjeta Crédito
ORD-2185,2026-05-23,Valparaíso,App Móvil,Tecnología,4,1445200,Tarjeta Débito
ORD-2186,2026-05-03,La Serena,Marketplace,Tecnología,1,140200,Tarjeta Débito
ORD-2187,2026-05-03,Concepción,App Móvil,Moda,2,114200,Tarjeta Crédito
ORD-2188,2026-04-26,Temuco,Tienda Física,Tecnología,2,213400,Tarjeta Crédito
ORD-2189,2026-05-08,Santiago,Sitio Web,Moda,2,86200,Efectivo
ORD-2190,2026-05-22,Concepción,App Móvil,Decohogar,1,62100,Tarjeta Débito
ORD-2191,2026-05-07,Concepción,App Móvil,Línea Blanca,3,1942200,Tarjeta Débito
ORD-2192,2026-04-14,Valparaíso,Marketplace,Moda,4,192000,Tarjeta Débito
ORD-2193,2026-05-30,Concepción,Marketplace,Línea Blanca,1,520900,Tarjeta Débito
ORD-2194,2026-05-11,Concepción,App Móvil,Moda,1,47200,Tarjeta Débito
ORD-2195,2026-04-03,Santiago,Tienda Física,Moda,1,77500,Transferencia
ORD-2196,2026-04-28,Concepción,App Móvil,Tecnología,2,395600,Tarjeta Débito
ORD-2197,2026-05-02,Concepción,Tienda Física,Moda,1,87200,Tarjeta Crédito
ORD-2198,2026-05-10,La Serena,Marketplace,Deportes,1,52000,Tarjeta Débito
ORD-2199,2026-04-26,Temuco,Sitio Web,Tecnología,5,500500,Tarjeta Crédito
ORD-2200,2026-05-12,Temuco,App Móvil,Línea Blanca,1,227800,Tarjeta Débito
ORD-2201,2026-04-07,Antofagasta,Sitio Web,Deportes,1,30700,Efectivo
ORD-2202,2026-05-22,Valparaíso,Tienda Física,Moda,1,46200,Tarjeta Crédito
ORD-2203,2026-05-14,Valparaíso,App Móvil,Decohogar,1,22600,Efectivo
ORD-2204,2026-05-30,Temuco,Sitio Web,Moda,2,49200,Tarjeta Débito
ORD-2205,2026-05-24,Concepción,App Móvil,Tecnología,1,285700,Tarjeta Débito
ORD-2206,2026-04-28,Antofagasta,App Móvil,Deportes,1,65800,Tarjeta Débito
ORD-2207,2026-05-21,Santiago,Marketplace,Decohogar,1,68500,Tarjeta Débito
ORD-2208,2026-05-25,Temuco,Marketplace,Moda,1,76100,Transferencia
ORD-2209,2026-05-16,Concepción,App Móvil,Deportes,3,340500,Efectivo
ORD-2210,2026-04-19,Temuco,Sitio Web,Deportes,1,85500,Transferencia
ORD-2211,2026-04-21,Valparaíso,Tienda Física,Deportes,5,267000,Tarjeta Crédito
ORD-2212,2026-05-01,Concepción,Marketplace,Línea Blanca,4,485600,Efectivo
ORD-2213,2026-05-12,La Serena,Marketplace,Línea Blanca,1,577000,Efectivo
ORD-2214,2026-05-21,Concepción,Tienda Física,Decohogar,1,22100,Efectivo
ORD-2215,2026-04-14,Temuco,App Móvil,Línea Blanca,2,280600,Transferencia
ORD-2216,2026-04-24,Valparaíso,Marketplace,Decohogar,4,195600,Efectivo
ORD-2217,2026-05-16,Concepción,Marketplace,Tecnología,5,2073000,Efectivo
ORD-2218,2026-04-07,Antofagasta,Marketplace,Decohogar,2,30800,Efectivo
ORD-2219,2026-04-07,La Serena,App Móvil,Deportes,1,106700,Tarjeta Crédito
ORD-2220,2026-05-11,Santiago,Marketplace,Deportes,1,26600,Tarjeta Crédito
ORD-2221,2026-04-22,Santiago,Marketplace,Tecnología,1,201800,Transferencia
ORD-2222,2026-05-28,Antofagasta,Sitio Web,Deportes,1,102400,Efectivo
ORD-2223,2026-04-29,Santiago,Tienda Física,Línea Blanca,2,626200,Tarjeta Débito
ORD-2224,2026-05-28,Antofagasta,Marketplace,Tecnología,1,385900,Tarjeta Crédito
ORD-2225,2026-05-21,La Serena,App Móvil,Moda,1,42600,Efectivo
ORD-2226,2026-04-09,Antofagasta,Tienda Física,Tecnología,1,334700,Tarjeta Crédito
ORD-2227,2026-04-09,Temuco,Marketplace,Decohogar,3,191700,Tarjeta Débito
ORD-2228,2026-04-28,Valparaíso,Marketplace,Deportes,3,244500,Tarjeta Débito
ORD-2229,2026-04-27,Antofagasta,Marketplace,Tecnología,1,110900,Tarjeta Crédito
ORD-2230,2026-04-05,Valparaíso,Marketplace,Decohogar,1,71500,Transferencia
ORD-2231,2026-04-19,Valparaíso,Marketplace,Moda,1,72400,Tarjeta Crédito
ORD-2232,2026-05-10,Santiago,Tienda Física,Tecnología,1,90500,Tarjeta Crédito
ORD-2233,2026-04-01,Antofagasta,Tienda Física,Tecnología,1,51000,Tarjeta Crédito
ORD-2234,2026-05-18,Concepción,Sitio Web,Moda,1,60900,Tarjeta Crédito
ORD-2235,2026-05-15,Valparaíso,Tienda Física,Tecnología,3,420300,Transferencia
ORD-2236,2026-04-22,Concepción,Marketplace,Línea Blanca,1,275800,Tarjeta Crédito
ORD-2237,2026-04-21,Valparaíso,Tienda Física,Línea Blanca,3,554400,Efectivo
ORD-2238,2026-04-21,Santiago,App Móvil,Moda,2,170000,Tarjeta Crédito
ORD-2239,2026-05-07,Valparaíso,Sitio Web,Línea Blanca,2,1061200,Tarjeta Débito
ORD-2240,2026-04-15,Valparaíso,Tienda Física,Decohogar,2,120600,Tarjeta Crédito
ORD-2241,2026-05-28,Antofagasta,Sitio Web,Decohogar,1,48100,Transferencia
ORD-2242,2026-04-11,Santiago,Tienda Física,Moda,1,61400,Tarjeta Débito
ORD-2243,2026-04-10,Temuco,App Móvil,Moda,1,19700,Transferencia
ORD-2244,2026-05-04,Antofagasta,Marketplace,Tecnología,1,393700,Tarjeta Crédito
ORD-2245,2026-05-11,Antofagasta,Tienda Física,Decohogar,1,9400,Transferencia
ORD-2246,2026-04-29,Santiago,Tienda Física,Línea Blanca,1,522300,Tarjeta Crédito
ORD-2247,2026-04-01,Concepción,Marketplace,Tecnología,3,1267500,Transferencia
ORD-2248,2026-05-30,Santiago,Tienda Física,Tecnología,1,161600,Efectivo
ORD-2249,2026-05-10,Santiago,Tienda Física,Tecnología,5,1395000,Tarjeta Débito
ORD-2250,2026-05-27,La Serena,Marketplace,Deportes,1,40500,Tarjeta Crédito
ORD-2251,2026-04-02,Temuco,Marketplace,Tecnología,1,235900,Transferencia
ORD-2252,2026-05-14,La Serena,Sitio Web,Deportes,4,325200,Transferencia
ORD-2253,2026-05-18,Antofagasta,Sitio Web,Moda,2,33200,Transferencia
ORD-2254,2026-04-02,La Serena,Tienda Física,Tecnología,3,1080300,Tarjeta Débito
ORD-2255,2026-04-04,Concepción,Tienda Física,Línea Blanca,2,721800,Tarjeta Débito
ORD-2256,2026-05-01,Temuco,App Móvil,Tecnología,1,391900,Efectivo
ORD-2257,2026-05-09,La Serena,App Móvil,Tecnología,1,430900,Efectivo
ORD-2258,2026-04-13,Antofagasta,Sitio Web,Línea Blanca,1,326700,Transferencia
ORD-2259,2026-04-22,La Serena,App Móvil,Tecnología,2,658000,Efectivo
ORD-2260,2026-04-29,Antofagasta,Tienda Física,Línea Blanca,2,726600,Transferencia
ORD-2261,2026-04-24,Antofagasta,Marketplace,Línea Blanca,1,465000,Tarjeta Crédito
ORD-2262,2026-04-21,Temuco,App Móvil,Decohogar,2,146600,Tarjeta Crédito
ORD-2263,2026-04-23,Concepción,Sitio Web,Línea Blanca,1,560000,Tarjeta Crédito
ORD-2264,2026-04-12,Antofagasta,Marketplace,Moda,2,51800,Transferencia
ORD-2265,2026-04-11,Santiago,Tienda Física,Línea Blanca,2,365400,Transferencia
ORD-2266,2026-05-09,Santiago,Marketplace,Decohogar,1,55400,Tarjeta Crédito
ORD-2267,2026-05-09,La Serena,Tienda Física,Moda,3,181200,Efectivo
ORD-2268,2026-05-04,Concepción,Marketplace,Decohogar,3,29400,Efectivo
ORD-2269,2026-05-10,Antofagasta,App Móvil,Deportes,1,114500,Transferencia
ORD-2270,2026-05-31,Antofagasta,Marketplace,Deportes,1,89000,Transferencia
ORD-2271,2026-05-19,Santiago,App Móvil,Decohogar,1,15300,Tarjeta Débito
ORD-2272,2026-05-28,Santiago,Tienda Física,Tecnología,3,180600,Tarjeta Crédito
ORD-2273,2026-05-09,Temuco,Sitio Web,Deportes,2,164600,Efectivo
ORD-2274,2026-05-14,Temuco,Marketplace,Tecnología,1,300300,Efectivo
ORD-2275,2026-05-02,Temuco,Sitio Web,Moda,1,34700,Tarjeta Crédito
ORD-2276,2026-04-27,La Serena,App Móvil,Deportes,3,264900,Tarjeta Débito
ORD-2277,2026-05-31,Santiago,App Móvil,Deportes,4,411200,Transferencia
ORD-2278,2026-04-17,La Serena,Tienda Física,Deportes,1,24200,Transferencia
ORD-2279,2026-04-21,La Serena,App Móvil,Deportes,2,199800,Tarjeta Débito
ORD-2280,2026-05-27,Temuco,App Móvil,Deportes,1,71800,Tarjeta Crédito
ORD-2281,2026-04-14,Valparaíso,Sitio Web,Decohogar,1,63200,Efectivo
ORD-2282,2026-05-18,Santiago,App Móvil,Tecnología,5,2037500,Tarjeta Débito
ORD-2283,2026-04-21,Antofagasta,Marketplace,Decohogar,1,32000,Tarjeta Débito
ORD-2284,2026-04-29,Valparaíso,App Móvil,Tecnología,1,470500,Tarjeta Crédito
ORD-2285,2026-05-09,Antofagasta,Marketplace,Tecnología,1,131100,Transferencia
ORD-2286,2026-04-03,Concepción,Tienda Física,Deportes,3,333900,Tarjeta Crédito
ORD-2287,2026-05-04,Concepción,Sitio Web,Deportes,1,49000,Tarjeta Crédito
ORD-2288,2026-04-12,La Serena,Tienda Física,Deportes,1,93300,Transferencia
ORD-2289,2026-05-31,Santiago,App Móvil,Deportes,2,207600,Tarjeta Débito
ORD-2290,2026-04-06,Temuco,Marketplace,Deportes,4,190800,Transferencia
ORD-2291,2026-04-20,Temuco,Tienda Física,Línea Blanca,3,1831200,Tarjeta Débito
ORD-2292,2026-04-28,La Serena,Marketplace,Deportes,1,55900,Tarjeta Crédito
ORD-2293,2026-04-12,Valparaíso,App Móvil,Deportes,2,168000,Transferencia
ORD-2294,2026-04-03,La Serena,Sitio Web,Moda,3,67500,Tarjeta Crédito
ORD-2295,2026-04-28,Antofagasta,Marketplace,Deportes,1,27700,Tarjeta Débito
ORD-2296,2026-05-23,Antofagasta,Marketplace,Línea Blanca,2,220400,Tarjeta Crédito
ORD-2297,2026-04-22,Antofagasta,Tienda Física,Decohogar,1,35700,Transferencia
ORD-2298,2026-05-22,Temuco,Marketplace,Moda,1,14000,Efectivo
ORD-2299,2026-04-20,Valparaíso,App Móvil,Decohogar,1,35500,Tarjeta Crédito
ORD-2300,2026-04-16,La Serena,Tienda Física,Tecnología,2,752400,Tarjeta Débito
